text,subreddit,thread_title,comment_score,label,label_source,notes
Bro out there doing sidequests,Cricket,Rohit Sharma awarded Padma Shri,28.0,reaction,ai,
Very late given the success he has had,Cricket,Rohit Sharma awarded Padma Shri,39.0,reaction,ai,
"Not a reward, it's a national award.",Cricket,Rohit Sharma awarded Padma Shri,14.0,reaction,ai,
Long overdue and well deserved!,Cricket,Rohit Sharma awarded Padma Shri,1.0,reaction,ai,
Hitman one more in the bag.,Cricket,Rohit Sharma awarded Padma Shri,1.0,reaction,ai,
"The Padma awards are civilian honours — Shri is the 4th tier; above it are Bhushan, Vibhushan, and Bharat Ratna, the highest honour. Sachin is the only sportsperson to have earned Bharat Ratna (rather controversially). Unless you're Dhoni.",Cricket,Rohit Sharma awarded Padma Shri,6.0,reaction,human,
Ash anna always with the great takes,Cricket,Ashwin's take on Vaibhav Suryavanshi aggression controversy,41.0,reaction,ai,
Assketchup hates Vaibhav because he's a Bihari,Cricket,Ashwin's take on Vaibhav Suryavanshi aggression controversy,4.0,hot_take,human,
"Funny how we praise aggression when it comes from legends, but call it arrogance when a youngster shows the same fire.",Cricket,Ashwin's take on Vaibhav Suryavanshi aggression controversy,23.0,hot_take,ai,
"Manjrekar is a BURDEN for Indian cricket. Was a below average player, is a below average commentator, and always takes unnecessary jibes at other players. He was only selected for the team because of the MUMBAI LOBBY.",Cricket,Ashwin's take on Vaibhav Suryavanshi aggression controversy,11.0,hot_take,ai,
Anna is the most sensible Indian cricketer active on the internet currently. Love him,Cricket,Ashwin's take on Vaibhav Suryavanshi aggression controversy,1.0,reaction,ai,
"There is a way to how you tell things too. If you are gonna insult them, everyone is gonna downvote you.",Cricket,Ashwin's take on Vaibhav Suryavanshi aggression controversy,2.0,hot_take,human,
"If they wanted to be called good people, they should've refrained from trolling a 15 yo. This proves that people will blow according to the wind like the good sheep they are. Completely spineless.",Cricket,Ashwin's take on Vaibhav Suryavanshi aggression controversy,0.0,hot_take,human,
The end of a decade long trophy drought!,Cricket,India 2024 T20 World Cup celebration,1.0,reaction,ai,
"Day 2 had bright sunshine from 8am to 11am, but they started the game at 11am. We were able to get only 33 overs that day. I'm not asking them to start at 8, but at least be flexible and start one hour early, especially when you know rain is around the corner.",Cricket,India vs England Test rain washout discussion (Trent Bridge 2021),208.0,analysis,ai,
In addition to travel cost there's the early-morning dew. The old 60-over domestic games started at 10.30am and it was a huge advantage to bowl first and nip a few wickets out with the prodigious swing. But once you lose more than a session to rain we should extend play by 30 minutes both before and after. Bad light is the really annoying one — the red ball is tough to pick under lights compared to a white ball. Much stricter penalties on over rates would go a long way.,Cricket,India vs England Test rain washout discussion (Trent Bridge 2021),11.0,analysis,ai,
"Adding roofs to existing stadiums isn't how construction works. The entire stadium would need to be reconfigured from the ground up, to the point you may as well just build new stadiums with retractable roofs included. The price tags are astronomical and a retractable roof can cost anywhere from $25 to $50 million, not including the stadium itself.",Cricket,India vs England Test rain washout discussion (Trent Bridge 2021),38.0,analysis,ai,
"Their footprint is still only around half of a large cricket ground. The playing area at the Rogers Centre in Toronto is roughly a square with 100m sides, so call it 12,000 m2. The playing area at Lord's is almost 22,000 m2. Doubling the size of something does more than just double how complicated it is.",Cricket,India vs England Test rain washout discussion (Trent Bridge 2021),6.0,analysis,ai,
"There are baseball stadiums in Toronto, Seattle, Milwaukee and Houston that have retractable roofs, so engineering-wise it is definitely doable as the footprint is not too dissimilar to a cricket ground. The prohibiting factor is the cost and the fact these need to be built from the ground up. The ECB just doesn't have the money to justify this.",Cricket,India vs England Test rain washout discussion (Trent Bridge 2021),15.0,analysis,ai,
UK summers have long days. Sun rises before 6am and sets after 9pm. Why start test matches at 11? Start at 9.30 and end the day by 4-5. That gives you time for extended play as well.,Cricket,India vs England Test rain washout discussion (Trent Bridge 2021),36.0,analysis,ai,
"It's too dewy to start at 9:30am and would kill attendances. In the early 2000s test matches in England started at 10:30am because of broadcast scheduling, and it was pretty unpopular because of the cost of travelling before 10am.",Cricket,India vs England Test rain washout discussion (Trent Bridge 2021),25.0,analysis,ai,
"There needs to be provision for playing sides to alter the rules. Before the toss, the teams should be allowed to unanimously increase playing time. For the last match they could have agreed to play 1.5 hours extra per day, 30 minutes before and an hour after. Worst case, if no rain comes you get an extra 75 overs — better than a washout.",Cricket,India vs England Test rain washout discussion (Trent Bridge 2021),28.0,analysis,ai,
"The broadcast deal is for a set amount with revenue divided amongst the counties; ticket revenue goes to the counties to cover hosting costs. So if attendances drop it's the counties who shoulder the burden, and in the past low attendances have left some counties in serious trouble — Yorkshire famously lost a fortune hosting a neutral Pakistan vs Australia test in 2010.",Cricket,India vs England Test rain washout discussion (Trent Bridge 2021),2.0,analysis,ai,
"This washout is getting more attention than it deserves, and only because India was in a stronger position going into day 5. Had England been strong, not many would've cared. We've had washouts before and will again. A reserve day could mean fewer tests per series, which we won't like.",Cricket,India vs England Test rain washout discussion (Trent Bridge 2021),5.0,analysis,human,
"Get rid of the tea break. If 50 overs can be played in one stretch in an ODI with only a 5-minute drinks break, why does a slower format need a tea break? That 45 minutes could be used for actual playing. Also cover the whole outfield like they do in Sri Lanka — most grounds have good drainage yet delays happen due to a wet outfield.",Cricket,India vs England Test rain washout discussion (Trent Bridge 2021),1.0,analysis,ai,
"You're looking at an extra £80-90 to book a train last minute from London to Nottingham, just over 90 minutes, to get there for a 10am start.",Cricket,India vs England Test rain washout discussion (Trent Bridge 2021),13.0,analysis,human,
"Test cricket has never been more exciting in its history, with most matches ending with a clear winner, and I don't think anything more can be done to make it more exciting than this.",Cricket,India vs England Test rain washout discussion (Trent Bridge 2021),13.0,hot_take,ai,
Cricket is so devoid of common sense and pragmatism.,Cricket,India vs England Test rain washout discussion (Trent Bridge 2021),9.0,hot_take,ai,
Cricket must be the only sport in the world where they try to find a reason not to play.,Cricket,India vs England Test rain washout discussion (Trent Bridge 2021),3.0,hot_take,ai,
"There are so many stupid rules that are killing test cricket. Players can't come on if there's a drop of water, but if they're already on and it drizzles they can stay. There are big lights in the stadium but the moment a cloud covers the sun the umpire whips out his light meter. The 2019 WC had the most weather-affected matches of any World Cup. If cricket can't find a way to play in bad weather, test cricket is going to die off.",Cricket,India vs England Test rain washout discussion (Trent Bridge 2021),9.0,hot_take,ai,
Just because there are more results now doesn't mean the product can't get better. Days like this are a prime example.,Cricket,India vs England Test rain washout discussion (Trent Bridge 2021),16.0,hot_take,human,
"Mentally a bit exhausting spending 4 days watching this much, to the mild annoyance of my better half — it's 28 hours in front of the telly. Only to be met with no result. I'll continue to watch test cricket because it is my love, but it's a bit pathetic.",Cricket,India vs England Test rain washout discussion (Trent Bridge 2021),78.0,reaction,ai,
"My interest in watching test cricket has definitely dropped. Between work and home, when I finally get time to watch, it's rained out or it's lunch or an average session. While I follow the scores carefully, watching it live has become a challenge.",Cricket,India vs England Test rain washout discussion (Trent Bridge 2021),62.0,reaction,ai,
"It rained for 2 days, wtf do people want lol",Cricket,India vs England Test rain washout discussion (Trent Bridge 2021),1.0,reaction,ai,
He is the peak of what a fast bowler can achieve. Only hard work can't make you like Bumrah — you need to be born with a condition similar to him.,Cricket,Musk and Pichai comment on Bumrah post,1.0,hot_take,ai,
"I can't see him do any good anymore lol. The more he does, the more I fear what will happen to our bowling when he is gone. No sign of a new resurgence of such calibre.",Cricket,Musk and Pichai comment on Bumrah post,8.0,hot_take,ai,
Indian cricket was always global. This is just America realising a world exists beyond their boring football.,Cricket,Musk and Pichai comment on Bumrah post,1.0,hot_take,ai,
The best thing about Punjab yesterday was the willingness for more runs rather than losing wickets. Arya ran a double while finishing his 50 — could have stopped at 50 but ran a double instead. Stoinis ran a double off the last ball even though it was very tight and he got run out. Also that flat six from Stoinis was one of the flattest sixes I have ever seen.,Cricket,IPL 2026 Daily Discussion Thread,,analysis,human,
I don't understand why teams don't try to run even while losing the game. For instance LSG could have tried to run a 2 on the last ball even when they know the match is gone. Might help for NRR.,Cricket,IPL 2026 Daily Discussion Thread,1.0,analysis,human,
"It's heartening to see we are getting some potential depth in the bowling department. For a moment it looked like in white-ball formats, especially T20Is, we were cooked without Arshdeep and Bumrah. Prince Yadav, Anshul, Sakib (too early I know) — the potential is there. I'd like to see these three names in T20I series as we play a lot of them.",Cricket,IPL 2026 Daily Discussion Thread,5.0,hot_take,ai,
LSG has more of these bowlers but they keep playing Avesh who is garbage.,Cricket,IPL 2026 Daily Discussion Thread,3.0,hot_take,ai,
Prince Yadav is underrated as fuck.,Cricket,IPL 2026 Daily Discussion Thread,4.0,hot_take,ai,
It's crazy that there was no mention of him. Going for 25 runs is crazy. Reminded me of Bhuvi's figures when RCB scored 263 thirteen years ago against the legendary Pune Warriors India team.,Cricket,IPL 2026 Daily Discussion Thread,5.0,reaction,ai,
"Some overreactions re: Jitesh and Patidar's captaincy. Terrible innings from Jitesh obviously, but people act like he's a clown who's never played well. He walked in a must-win game to secure top-2 with RRR over 12 and hit 85*(33), then in the final walked in with the team going at under 9 for a 24(10) cameo to push them to something defendable. As for Patidar giving Romario the last over, Suyash was bowling with no control too, and bowling out your better bowlers earlier is a standard tactic.",Cricket,IPL 2026 Daily Discussion Thread,12.0,analysis,ai,
"I know thala makes it happen but Short can never be a middle-order batter, man. Just use him as a free wicket who might click up the top, or don't play him at all.",Cricket,IPL 2026 Daily Discussion Thread,4.0,hot_take,ai,
"Three teams are standouts: PK, RCB and RR. I think they're most likely to lock playoff spots within the next week or so. There'll be a fight for 4th place — maybe GT can take it, or SRH if Cummins is back and they play well. DC can also do it. I feel MI, CSK and KKR will be the bottom three this year.",Cricket,IPL 2026 Daily Discussion Thread,6.0,hot_take,ai,
GT have a dream bowling lineup and Gill has that aura about him. Our selectors are wrong about a lot of things but they're always right about selecting the next face of Indian cricket.,Cricket,IPL 2026 Daily Discussion Thread,1.0,hot_take,ai,
There was a time when RR were on 16 points in 9 games and everyone and their nana thought they'd at least play the final. They finished with 17 points that season.,Cricket,IPL 2026 Daily Discussion Thread,13.0,analysis,human,
"With the way MI's tournament is going, I don't think the Ambanis can stomach another disappointing season. Wouldn't be surprised if BCCI announce a mega auction next year itself lol. Also I can definitely see Rashid Khan and Nicholas representing MI in 2028.",Cricket,IPL 2026 Daily Discussion Thread,0.0,hot_take,ai,
It's not like other teams aren't owned by billionaires. It's crazy that people think the whole IPL runs around the Ambanis. If that were the case we'd have 10+ titles.,Cricket,IPL 2026 Daily Discussion Thread,10.0,hot_take,ai,
"Lots of ifs and buts but I feel the SRH squad is becoming really nice. Their top 4 can snatch any game if even one of them fires properly. With NKR, the two new guys, Madhushanka and Cummins joining, that's one hell of a batting and bowling lineup. And Salil Malhotra and Aniket Verma also look to be in good touch.",Cricket,IPL 2026 Daily Discussion Thread,4.0,hot_take,ai,
"The best thing about Shreyas Iyer yesterday was that he seemed pissed off that the crowd was supporting Mumbai Indians instead of him, the local boy. Also loved the rivalry between him and Thakur — you just know Thakur will get him out, and you know Iyer will hit him for a few. They played together so long they know each other too well.",Cricket,IPL 2026 Daily Discussion Thread,8.0,reaction,ai,
"Yeah he's so injury-prone already, we don't need aura farming. Dude was in the ICU just months ago.",Cricket,IPL 2026 Daily Discussion Thread,6.0,hot_take,human,
"My thoughts on how RCB can optimize their XI: Romario isn't being utilized — his batting often doesn't come and he isn't preferred as a bowling option. I'd use him as an impact sub, batting one short. Since he comes in at 7, we sub him in only if we need him; if the top 6 fire we can sub in Jacob Duffy for powerplay bowling instead, which improves our PP bowling and saves Rasikh and Bhuvi overs for the middle.",Cricket,IPL 2026 Daily Discussion Thread,7.0,analysis,ai,
"I've always wondered if Romario could be used in the middle order as a sort of wild card. He could take the game away from the opposition on his day, or he gets out early and we continue as always. It's not like he ever wastes deliveries.",Cricket,IPL 2026 Daily Discussion Thread,5.0,analysis,human,
Wankhede being so high scoring and MI's batting lineup having a limited ceiling has recreated the old RCB dynamic where more powerful teams regularly outbat them and their home advantage has dissolved completely. They need a complete overhaul if they want to win.,Cricket,IPL 2026 Daily Discussion Thread,15.0,analysis,human,
"It's surprising that Chinnaswamy has been helpful to bowlers early lately. SRH lost 3 wickets to Duffy's swing in the powerplay before Kishan saved their innings. Even when RCB hit 250 against Chennai they were 1/51 in the powerplay, and you could see the batters had to navigate a bit of help for the bowlers.",Cricket,IPL 2026 Daily Discussion Thread,5.0,analysis,ai,
"I'm pretty sure since mid-2024 they started having some grass on the Chinnaswamy pitch, so it swings a bit for the first few overs and then flattens out.",Cricket,IPL 2026 Daily Discussion Thread,1.0,analysis,ai,
"Yes, it's a harder wicket when you're batting first and it eases out after the first 10 overs, after which a team can cash in — provided they haven't collapsed by that point.",Cricket,IPL 2026 Daily Discussion Thread,1.0,analysis,ai,
Injury Premier League out in full force. Injury Replacement David Payne is now injured and ruled out of the tournament.,Cricket,IPL 2026 Daily Discussion Thread,7.0,reaction,ai,
"Finally I understand the sentiment that watching LSG is boring. The problem with LSG is they haven't won trophies and they don't have superstars for people to connect with. CSK, MI, RCB, KKR all have superstars linked one way or another. Unless LSG win trophies or get superstars, they'll be called out for not having culture or prestige.",Cricket,IPL 2026 Daily Discussion Thread,0.0,analysis,human,
"People need a narrative to enjoy sports — it's a huge psychological reason we enjoy them. Superstars create narrative. Past trophies create narrative, like the CSK and KKR fall-off. Controversy creates narrative, like Digvesh Rathi's celebrations last year. Close games create narrative. And historic rivalry creates narrative, which LSG lacks as it's only their fifth season.",Cricket,IPL 2026 Daily Discussion Thread,7.0,analysis,ai,
"Pant is a superstar, he just sucks in T20s currently.",Cricket,IPL 2026 Daily Discussion Thread,1.0,hot_take,ai,
"Pant is not a regular test cricketer, people pay to watch him. He's been mid in T20s for 3-4 years, and yet why do you think he went over 25 crore in the auction? He's not captaincy material like Iyer either.",Cricket,IPL 2026 Daily Discussion Thread,0.0,hot_take,ai,
"Pretty complete performance from RCB. That powerplay bowling was exceptional, aided by helpful bowling conditions — Kohli mentioned post-match it had been hot and dry, which combined with the lack of grass could have made it slower and lower than usual. Hazlewood's ability to bash it away on that length is absurd, Bhuvi has been having a great season with pace up in the high 130s, and Rasikh really rounds out this attack with those cutters that deviate.",Cricket,IPL 2026 Daily Discussion Thread,6.0,analysis,ai,
"As much as I love to shit on CSK, the IPL needs a strong CSK side to be more fun.",Cricket,IPL 2026 Daily Discussion Thread,3.0,hot_take,ai,
Would be head-scratching if KKR go the entire tournament without trying the Finn and Tim opening combo. They were the best opening partnership in the WC. You can't keep persisting with Green just because of his price tag when he's clearly struggling.,Cricket,IPL 2026 Daily Discussion Thread,7.0,analysis,human,
"KKR's batting is unbelievably awful. Rahane, Raghuvanshi, Rinku, Powell all won't hit spin. Allen is an improved hitter coming off a great few months but is clearly in awful form. Green is also going through awful form and his best T20 position is probably opening anyway. Narine opening today was an interesting gambit to throw back to their old days.",Cricket,IPL 2026 Daily Discussion Thread,3.0,analysis,human,
"Teams will struggle more from next week. You can already see a bit of exhaustion in the pitches — they're not as quick, and the slower ones are getting way more effective.",Cricket,IPL 2026 Daily Discussion Thread,8.0,analysis,ai,
"NKR worked with Steffan Jones for a few days before the IPL and it's so noticeable. He clearly has more momentum approaching the crease and is bending his back much more. His ceiling as a batter is astronomical in all three formats, but if he keeps working on his bowling to offer 2 overs in T20s and 5-7 in ODIs, it brings so much balance.",Cricket,IPL 2026 Daily Discussion Thread,5.0,analysis,ai,
"Removing a captain against his wishes who has led the team to the championship 5 times, just because he didn't win for the last 3 years, seems crazy to me. I'd like to see what the Ambanis do if Pandya doesn't win this year.",Cricket,IPL 2026 Daily Discussion Thread,7.0,hot_take,ai,
"The Ambanis just panicked after seeing CSK equal their title record, so they wanted Hardik to have the edge. Problem is he only wanted to come if guaranteed captaincy. The ironic thing is both MI and CSK have been pretty poor since then.",Cricket,IPL 2026 Daily Discussion Thread,3.0,hot_take,ai,
"Nothing crazy at all. Rohit was pretty much at the end of his tether career-wise as he was aging — I won't even fault his MI captaincy in 2021-2023 much, but his returns with the bat were dwindling. The decision to move on from Rohit was perfectly understandable then, and now. The only problem was the optics of how it played out.",Cricket,IPL 2026 Daily Discussion Thread,13.0,analysis,ai,
"Rohit averaged 25 at a strike rate of 127 as an opener over the 7 seasons before he was removed from captaincy. People can handpick a few knocks and inflate the value of captaincy as much as they want, but if you're performing like that then the end was inevitable.",Cricket,IPL 2026 Daily Discussion Thread,9.0,analysis,ai,
IPL teams will converge towards bat speed and pace just like baseball did.,Cricket,IPL 2026 Daily Discussion Thread,5.0,hot_take,ai,
"The hate Jaydev Unadkat is getting is absolutely ridiculous. Last year SRH, not CSK, were going to finish last. Then in the second half JD came into the team: 11 wickets in 7 matches, economy 7.34, average 15. Please tell me how he was a bad bowler. This year he hasn't done well, but he played well last season.",Cricket,IPL 2026 Daily Discussion Thread,16.0,analysis,ai,
They had these guys on the bench and we had to watch Unadkat and Harshal Patel bowl off-cutters with the new ball. Rajasthan should also end the Sandeep Sharma gimmick and bring in Brijesh with real pace.,Cricket,IPL 2026 Daily Discussion Thread,1.0,hot_take,ai,
Not anymore. He is getting destroyed this season and his wicket-taking is cooked.,Cricket,IPL 2026 Daily Discussion Thread,7.0,hot_take,ai,
"Really liked what I saw of Hinge — tall, high 130s, with the ability to move the ball. Lord knows what they saw in 36-year-olds JD and Purple. Their spin duo seems better too; I like that they're backing Harsh and letting him do his thing, and Shivang seems exciting with decent control and a stock ball and googly that both turn.",Cricket,IPL 2026 Daily Discussion Thread,11.0,analysis,human,
"Sakib was also really impressive. He has that off-cutter which gets proper revs on it and sharply moves after hitting the pitch, almost like an offbreak.",Cricket,IPL 2026 Daily Discussion Thread,10.0,analysis,ai,
RR switch things up way too much and it will seriously bite them if they don't stop. There was no reason to play LDP tonight — he's going to play flashy strokes and try to win the game by himself because he gets just one or two games. And when Hettie comes back he'll play with the pressure of losing his spot.,Cricket,IPL 2026 Daily Discussion Thread,5.0,analysis,human,
srh will remain a loser team while having top Indian talent if they don't kick out their useless overseas players and coach.,Cricket,IPL 2026 Daily Discussion Thread,9.0,hot_take,ai,
"Hot take: Sky and Tilak deserve 4-5 bilateral series in T20Is before being dropped. Don't forget Tilak's cameo in the semifinal which was almost like the real final, and Surya's knock against USA when the whole batting lineup crumbled.",Cricket,IPL 2026 Daily Discussion Thread,1.0,hot_take,ai,
"SKY doesn't deserve that, he's been out of form for a while now — played well vs USA and Zim and that's it, and in those he was dropped too. That one innings doesn't outweigh the consistent and horrendous form he's shown. Other people have been dropped for much less.",Cricket,IPL 2026 Daily Discussion Thread,1.0,hot_take,ai,
"MI has fallen off tactically, really so behind. No proper backups if Rohit misses out, and outside the playing 11-12 there's not good bench strength. Yesterday Santner bowling in the powerplay on such flat tracks? And giving Markande the ball when Patidar came in? Just those two overs, you could have cut at least 20 runs there.",Cricket,IPL 2026 Daily Discussion Thread,3.0,analysis,ai,
"Hot take: Iyer and Rajat Patidar deserve India spots over Tilak and SKY right now. Both have been the most consistent batters this IPL, converting starts and performing under pressure match after match. Form over reputation. Selectors, take note.",Cricket,IPL 2026 Daily Discussion Thread,15.0,hot_take,ai,
"Patidar is somewhat a victim of unfortunate timing. If the WT20 were at the end of the year he'd be in the squad. SKY had an all-time IPL season which, paired with being captain, meant he was never going out even while his international form was in the toilet. Tilak is a left-hander a few months removed from a couple of hundreds, so he got in despite being poor against spin.",Cricket,IPL 2026 Daily Discussion Thread,4.0,analysis,ai,
"We often talk about Krunal's weird variations like the bouncer or sidearm, but the truth is those variations hide his traditional left-arm spin so well that people forget how many wickets he's taken just from varying his pace.",Cricket,IPL 2026 Daily Discussion Thread,9.0,analysis,ai,
Krunal this season has been nothing short of a genius — some of the highest quality experimental bowling I've ever seen.,Cricket,IPL 2026 Daily Discussion Thread,2.0,hot_take,ai,
"I find Krunal very smart, especially when bowlers have nothing in their favour. He's making effective changes and delivering results.",Cricket,IPL 2026 Daily Discussion Thread,10.0,hot_take,ai,
"Saw some people wanting Salt dropped for Bethell. Salt ain't getting dropped, his ceiling is too high and that explosiveness is too valuable. Kohli played a proper stinker, weird because he started well and then couldn't hit anything wide of off, then two emotional wide reviews out of frustration. Another ridiculous innings from Patidar, 44(11) — he's walking on water, smashing pace and spin alike.",Cricket,IPL 2026 Daily Discussion Thread,1.0,analysis,human,
One of the few trundler bowlers I respect. He's been playing the IPL for years and finds ways to survive the league.,Cricket,IPL 2026 Daily Discussion Thread,4.0,hot_take,ai,
"People say Rishabh is prone to throwing his wicket away, but it's far more characteristic of Rohit in tests.",Cricket,India vs Australia Gabba Test 2021 (rain-affected),133.0,hot_take,ai,
They both live and die by the sword. The chip shot has also been a major scoring option for Rohit against Lyon this series.,Cricket,India vs Australia Gabba Test 2021 (rain-affected),5.0,analysis,ai,
"So Pakistan and NZ failed to bowl out Australia last summer (well NZ did but failed to keep them below 400). But India's 3rd-choice bowling lineup did. I honestly want to know: is it the Indian bowling, or is Australia's batting no longer the powerhouse it used to be?",Cricket,India vs Australia Gabba Test 2021 (rain-affected),101.0,analysis,ai,
"I think it helped that India planned way better than any other team. Look at how they bowled to Warner — Siraj stuck to the same line Broad bowled during the Ashes, and it worked twice in 3 innings. Conditions are different than in England, but Pakistan and NZ didn't even try it, and Warner scored against them.",Cricket,India vs Australia Gabba Test 2021 (rain-affected),102.0,analysis,ai,
"Yeah, poor form from most of the bats, and fantastic depth from India. When even your net bowlers who are there to be throwdowns are hitting 140 and getting wickets, you're going to have a good time.",Cricket,India vs Australia Gabba Test 2021 (rain-affected),28.0,analysis,human,
"It's a bit of both I'd say. Our bowling stocks have improved by having more seam-friendly wickets in the Ranji Trophy and A-team tours, which give players a chance to experience overseas conditions. And Aus batting is heavily reliant on Smith and Labuschagne this series (and Warner previously), which makes it brittle.",Cricket,India vs Australia Gabba Test 2021 (rain-affected),38.0,analysis,ai,
A good day's play down the drain when the match was at an interesting point. What a tragedy.,Cricket,India vs Australia Gabba Test 2021 (rain-affected),86.0,reaction,ai,
"Unless India is dismissed before tea tomorrow, I can't see Australia regaining the trophy.",Cricket,India vs Australia Gabba Test 2021 (rain-affected),116.0,hot_take,ai,
"Australia only need 2 or 3 wickets really, because the batting ends at Washington.",Cricket,India vs Australia Gabba Test 2021 (rain-affected),37.0,analysis,human,
"They should have bowled first. I know it's not done at the Gabba, but knowing it will rain and that India only need a draw to retain the trophy, it would have been a better way of getting them out twice.",Cricket,India vs Australia Gabba Test 2021 (rain-affected),6.0,analysis,ai,
"I'll admit it, I'm not a big fan of Rohit in overseas tests. But the way he dug in in the 4th innings last game showed he had the potential to do better overseas. However, he threw his wicket playing a pull shot with just 4 overs remaining in the day. Being an opener is very difficult, and Rohit has shown he can do the hard yards — so after doing that, throwing your wicket away is really infuriating, especially as a senior player.",Cricket,India vs Australia Gabba Test 2021 (rain-affected),141.0,analysis,human,
"I've said it multiple times: his technique is fine. He doesn't give his wicket to swing or seam any more than Kohli or Pujara. His issue has always been not grasping match situations — getting caught in the deep after getting starts twice in a row is just not sensible when you're 300+ runs behind. You have to build your innings, there's no rush. Take the easy singles on offer.",Cricket,India vs Australia Gabba Test 2021 (rain-affected),56.0,analysis,ai,
"I think Rohit bats best when he doesn't need to think too much about all the possible match situations. That's why I think he's an ordinary middle-order batsman, even in ODIs. As an opener his job is the same every match, which simplifies his role. He needs to start converting these overseas starts into big scores like he does at home.",Cricket,India vs Australia Gabba Test 2021 (rain-affected),31.0,analysis,ai,
"Nah, Rahane and Pujara daddy hundreds were incoming. India robbed of a victory here.",Cricket,India vs Australia Gabba Test 2021 (rain-affected),109.0,hot_take,ai,
"Gotta hand it to Rohit for looking his best the ball before he got out. He sees out the deadliest pace attack without giving a chance, only to get out to a completely unnecessary shot. Perhaps the best Indian batsman right now facing pace. Only if he dug in.",Cricket,India vs Australia Gabba Test 2021 (rain-affected),78.0,hot_take,ai,
"Rohit's not the type to dig in in test matches, we know this by now. Indian fans should accept this instead of criticizing. He still did his job as an opener.",Cricket,India vs Australia Gabba Test 2021 (rain-affected),3.0,hot_take,ai,
Tbh Pant is useless unless he plays his natural game. I don't think he's a player capable of just sitting and blocking for 10 hours.,Cricket,India vs Australia Gabba Test 2021 (rain-affected),20.0,hot_take,ai,
"Rohit is 3/3 in this series so far. Sad part is, we don't have any better openers knocking down the door — our options are Shaw or Mayank, and Rohit has scored better than them.",Cricket,India vs Australia Gabba Test 2021 (rain-affected),80.0,hot_take,ai,
Mayank is a beast at home. Wouldn't take his name and Shaw's in the same breath.,Cricket,India vs Australia Gabba Test 2021 (rain-affected),44.0,hot_take,ai,
"Same for Shaw, if you saw his debut matches where he mercilessly flogged the WI attack — he was also a beast at home, everyone is. Mayank is also exposed in his 3 overseas tours (WI, NZ and here). The only difference is he had a favourable debut on those 2018 MCG/SCG roads which bought him some credit to last till now.",Cricket,India vs Australia Gabba Test 2021 (rain-affected),29.0,hot_take,ai,
There's a reason Mayank was dropped so quick — it's his technique. His bat backlift was too high this time; look at the comparisons made.,Cricket,India vs Australia Gabba Test 2021 (rain-affected),2.0,analysis,ai,
"India's day today: got 5 wickets and gave only 2. Rain Perera for the first time is proving his friendship with India. Also, obligatory: what a ridiculous shot to get out by Rohit. Would have been in such a solid position if only 1 wicket was down. Need Puji to bat another 200 balls tomorrow.",Cricket,India vs Australia Gabba Test 2021 (rain-affected),63.0,reaction,ai,
They are not mutually exclusive. Pujara scoring 20 or 30 off 200 would only put more pressure on the other batsmen; 80 or 90 off 200 is better.,Cricket,India vs Australia Gabba Test 2021 (rain-affected),16.0,analysis,ai,
"Maintaining a strike rate of 40 by turning the strike over is the least you can do as a No. 3. I'm a fan of Pujara but I don't agree with his approach all the time — Sydney first innings is the best example, he shut up shop with 15 overs remaining on day 2 after India had a good start.",Cricket,India vs Australia Gabba Test 2021 (rain-affected),1.0,analysis,ai,
Weather forecast looks iffy for Days 4 and 5. Australia need at least a 100-run first-innings lead I reckon to feel confident they'll have time to bowl India out a second time.,Cricket,India vs Australia Gabba Test 2021 (rain-affected),30.0,analysis,human,
"Except that one odd innings, Rahane has struggled throughout the series. People rate him high on leadership, but he has his own negatives — non-selection of Kuldeep, and not bowling Natarajan to the tailenders till it was too late, which was basic.",Cricket,India vs Australia Gabba Test 2021 (rain-affected),79.0,analysis,ai,
"Not selecting Kuldeep wasn't a negative. He picked the team based on conditions and the selections did him justice — Natarajan, Thakur and Sundar all picked 3 wickets each.",Cricket,India vs Australia Gabba Test 2021 (rain-affected),25.0,analysis,ai,
"It took Rahane 5 tours, 16 matches and 31 innings to finally get one century in SENA from 2018 to MCG 2020. For a vice-captain and the 3rd most experienced player, is it too much to expect at least one century per series? Non-existent openers plus Rahane underperforming at No. 5 was the main reason so many tight matches slipped away even when the bowlers did their job.",Cricket,India vs Australia Gabba Test 2021 (rain-affected),25.0,analysis,ai,
"Man, Rohit is so frustrating to watch. He looked so comfortable against the Aussie quicks on the best fast-bowling wicket in Australia, then loses his wicket to an innocuous delivery from Lyon.",Cricket,India vs Australia Gabba Test 2021 (rain-affected),12.0,reaction,ai,
"Loose shot, but the ball wasn't terrible. Dipped quite a bit to beat him.",Cricket,India vs Australia Gabba Test 2021 (rain-affected),3.0,analysis,human,
"Big fan of Rohit Sharma in this series, and I hope he learns to play the percentage shots more. What he's done so far is still very impressive and I'll take it.",Cricket,India vs Australia Gabba Test 2021 (rain-affected),38.0,hot_take,ai,
He's 34. This is it. He'll play incredibly until he gets out completely against the run of play.,Cricket,India vs Australia Gabba Test 2021 (rain-affected),2.0,hot_take,ai,
"Genuine question, applies to all countries: given there's always a threat of bad light later in the evening, why don't we start Test matches at 8 or 8:30 AM? Even if it rains for a couple of hours you could still get a lot of overs in. Is there a reason countries prefer 9:30 or 10 AM — viewership?",Cricket,India vs Australia Gabba Test 2021 (rain-affected),20.0,analysis,ai,
"There is a serious discussion in the ICC to shorten Test cricket to 4 days by going up to 110 overs each day, up from 90. Lord have mercy on the fielding team and its bowlers on a flat pitch, hot day, like SCG 5th day — at 90-95 overs the bowlers looked gassed, can you imagine 110?",Cricket,India vs Australia Gabba Test 2021 (rain-affected),19.0,analysis,human,
They won't bowl 110. Teams will find ways to slow over rates down further.,Cricket,India vs Australia Gabba Test 2021 (rain-affected),7.0,hot_take,ai,
"Australia's total of 369 is pretty good considering Smith got out for 36, and they usually depend on him so much for their runs.",Cricket,India vs Australia Gabba Test 2021 (rain-affected),26.0,analysis,human,
Cut them some slack — 13 wickets between these guys up until this match. They did fine.,Cricket,India vs Australia Gabba Test 2021 (rain-affected),53.0,reaction,ai,
"With just Siraj and 3 net bowlers, I think India did very well to get 10 wickets and not let them score 400+.",Cricket,India vs Australia Gabba Test 2021 (rain-affected),45.0,analysis,human,
"Doesn't matter how many runs India gets, they need to bat 100+ overs in their first innings to at least have a chance of drawing this.",Cricket,India vs Australia Gabba Test 2021 (rain-affected),13.0,analysis,ai,
"This is exactly how South Africa win in Australia: win one match in spectacular fashion and hope for the rain gods or a blockathon. You can bet whenever Australia scores above 500, rain will delay or wash out the match.",Cricket,India vs Australia Gabba Test 2021 (rain-affected),17.0,hot_take,ai,
"I mean, India were about to win the Sydney test in 2019 before rain helped Australia.",Cricket,India vs Australia Gabba Test 2021 (rain-affected),60.0,analysis,human,
"Rain rarely helps India. Remember the 2019 WC semi? The ODI was actually a two-day game thanks to rain. 2003 WC final. 2018 test vs England, rain again. Each time we bat second, rain blocks us.",Cricket,India vs Australia Gabba Test 2021 (rain-affected),41.0,analysis,ai,
"I can't remember a single overseas match in the last decade where rain helped India when they were in trouble. On the other hand rain routinely hurts India when they're on top, home and away — 2018 SCG, 2018 Ind vs SL Kolkata, 2016 Ind vs SA Bangalore.",Cricket,India vs Australia Gabba Test 2021 (rain-affected),18.0,analysis,ai,
"Rohit's shot to get out was annoying but he looked so good before that, handled even Cummins well. Irrespective of the dismissal I'd rather have him than Shaw or Mayank. Still, the bowling from India was spectacular — day 2 they made the ball talk, Sundar was great, Natarajan is growing into a test bowler, and Siraj's consistency is amazing.",Cricket,India vs Australia Gabba Test 2021 (rain-affected),1.0,analysis,ai,
He had 2 boundaries in the 6 balls bowled prior to the wicket ball. Nothing to do with pressure. Just Rohit being Rohit.,Cricket,India vs Australia Gabba Test 2021 (rain-affected),34.0,analysis,human,
You can't really defend Rohit in this situation considering there was a deep mid-on and a deep square leg.,Cricket,India vs Australia Gabba Test 2021 (rain-affected),9.0,analysis,ai,
I was about to retire from watching cricket forever.,Cricket,T20 World Cup 2024 final reactions (Klaasen assault),477.0,reaction,ai,
"Until the next world cup. This is exactly what I said on 19 November, only to watch the 1st T20I scheduled barely a week after lol.",Cricket,T20 World Cup 2024 final reactions (Klaasen assault),223.0,reaction,ai,
I did retire after winning the match anyways. Haven't watched a single match of cricket after that.,Cricket,T20 World Cup 2024 final reactions (Klaasen assault),10.0,reaction,ai,
Bumrah bacha le bhai. I legit said that out loud. I was on a train. Everyone agreed with my statement.,Cricket,T20 World Cup 2024 final reactions (Klaasen assault),109.0,reaction,ai,
"I had 0 hopes until Surya took that catch. I jumped from my seat and started screaming, and when India won I just started crying. Tears of joy. Finally the drought was over.",Cricket,T20 World Cup 2024 final reactions (Klaasen assault),50.0,reaction,ai,
I was holding my tears.,Cricket,T20 World Cup 2024 final reactions (Klaasen assault),77.0,reaction,ai,
"I texted my friends that India had literally fucked up another final. But Bumrah, Arshdeep and Hardik had other plans. Really, what could have been if we had lost — I would have stopped watching white-ball cricket for sure.",Cricket,T20 World Cup 2024 final reactions (Klaasen assault),3.0,reaction,ai,
Exact thought process was: India will be the only team in the top 8 across formats to not win an ICC tournament in the last 11 years. And Kohli held the plan to attack for way too late.,Cricket,T20 World Cup 2024 final reactions (Klaasen assault),11.0,hot_take,ai,
"Before the Axar over: angry that Rohit is still letting spinners bowl to a lefty in Klaasen. During the over: furious we're going to lose another final, why didn't Kohli go big earlier? After the over: lost almost all hope, sad, almost crying, maybe it's time to move on.",Cricket,T20 World Cup 2024 final reactions (Klaasen assault),5.0,reaction,ai,
"I was at the last stage of grief and had accepted that the odds haven't been in our favour. After we won, I thought this is what it actually is — just a game, and anything can happen at any time.",Cricket,T20 World Cup 2024 final reactions (Klaasen assault),58.0,reaction,ai,
"Lost all hope, switched off the TV, only to turn it back on the next ball. That day was a wild ride, still not over it.",Cricket,T20 World Cup 2024 final reactions (Klaasen assault),2.0,reaction,ai,
"We switched off the TV and went to sleep because we couldn't handle the pressure. But being a die-hard I kept checking the score online because Bumrah was yet to complete his spell. The moment we removed Klaasen with 16 balls left, I switched the TV back on because I knew it wasn't going to be easy for SA to win.",Cricket,T20 World Cup 2024 final reactions (Klaasen assault),3.0,reaction,ai,
"As a South Africa fan I was thinking, fuck, Bumrah has 2 overs left, we're so fucked.",Cricket,T20 World Cup 2024 final reactions (Klaasen assault),1.0,reaction,ai,
"If they've choked before, they can choke again. Never lost hope.",Cricket,T20 World Cup 2024 final reactions (Klaasen assault),1.0,reaction,ai,
Dawid Malan's average is 42.55 from 5 tests in Australia but 20.23 from 8 tests in England. Just showing why averages from batting in Australia should often be taken with a pinch of salt. So who out of this current Australia team will be getting found out in this series? My money is on Travis Head.,Cricket,Ashes 2019 first Test preview and selection debate,,analysis,human,
"That's why we have gone and picked guys with better records in England FC than Aus FC. Burns and Patterson have better FC records than most of the middle order but we've gone with Bancroft instead, based almost entirely on county form. You're spot on about Head — he's the one I'm most worried about, he looks to have the worst technique and aside from plundering SL hasn't done much. But he's VC and the golden boy of the system so he's in for now.",Cricket,Ashes 2019 first Test preview and selection debate,4.0,analysis,ai,
"I disagree on Head. He got 72 off 175 to help Australia draw that test in the UAE, 72 in Adelaide where very few batsmen made runs, and 58 in Perth on a pitch that was difficult to bat on. He did throw his wicket away once set, but he made runs on one of the more difficult pitches in Australia before finishing the summer strongly against Sri Lanka.",Cricket,Ashes 2019 first Test preview and selection debate,6.0,analysis,ai,
"That's 3 innings out of 11 excluding the SL series, and he threw it away in one of them. I stand by the not-much. I'm more concerned about his technique than anything else, but he says he's worked on playing the ball late, so let's see.",Cricket,Ashes 2019 first Test preview and selection debate,0.0,analysis,human,
Archer played the entire World Cup with a side strain and was in agony bowling in the final. It's a 5-test series with a break between the first and second test. I believe they're resting him to ensure he's fit for the rest of the series. No point bringing him in too early and risking him being injured for the rest of the series.,Cricket,Ashes 2019 first Test preview and selection debate,28.0,analysis,ai,
"This is such a vanilla squad, no risk taken at all. Sorry but Archer and Curran are just flat out better cricket players than Ali and Denly.",Cricket,Ashes 2019 first Test preview and selection debate,12.0,hot_take,ai,
"The two you named aren't in competition with Jofra and Curran. Ali is a spinner and Denly is a top-order bat, you don't need 5 seamers. You could argue Leach for Ali, and Jofra or Curran for Broad or Woakes, but that takes a brave selector. Over 5 tests they'll come into the picture.",Cricket,Ashes 2019 first Test preview and selection debate,2.0,analysis,ai,
A pitch that demands 2 spinners has us playing 1? That doesn't make much sense.,Cricket,Ashes 2019 first Test preview and selection debate,6.0,hot_take,ai,
"Ali is there because our other spinner is Leach, who isn't tried and tested, and Ali has previous achievements with the bat. Denly is the only batsman who performed against Ireland, so replacing him with a bowler is a terrible idea.",Cricket,Ashes 2019 first Test preview and selection debate,1.0,analysis,ai,
"I want to give a rep for Marcus Harris, who won't play the first test. On first glance his FC average of 38 seems middling, but a deeper dive reveals more. Over the past three shield seasons he's by far the best opener in Shield cricket — 2702 runs at 51, while his Victoria opening partner and captain Travis Dean averaged 27 over the same period. The wickets weren't easy either: Victoria's bowlers averaged in the low 20s, so these weren't flat roads. Dropping him despite that doesn't sit right.",Cricket,Ashes 2019 first Test preview and selection debate,18.0,analysis,ai,
"They specifically spoke about how they don't have someone knocking the door down making 1000 runs in shield cricket, and then their incumbent does exactly that and dominates the finals, and they drop him anyway.",Cricket,Ashes 2019 first Test preview and selection debate,3.0,analysis,human,
"These appear to be cherrypicked stats. Why have you only compared Harris' stats with Dean's? To establish that the pitches were hard to bat on, it would be worthwhile to include the stats of all openers across each team at specific venues — same for the bowlers. Your argument may still be valid, but it would be stronger with a more inclusive set of stats.",Cricket,Ashes 2019 first Test preview and selection debate,0.0,analysis,ai,
"Lol at Aussies and neutrals thinking our attack needs a 90+ bowler. You don't need pace in England to be successful. We've got a brilliant opening pair, a superb bowler in Woakes, the best all-rounder in the world, plus a spinner averaging 21 at home since 2017. Our bowling is not a concern.",Cricket,Ashes 2019 first Test preview and selection debate,27.0,analysis,human,
I think the Aussies are too complacent against medium-pace swingers in England. We really suck against swing.,Cricket,Ashes 2019 first Test preview and selection debate,3.0,hot_take,ai,
"Anyone saying we need pace hasn't watched cricket in England. Sam Curran is a dynamo in English conditions and he bowls 120s and is on the bench. Pace is useful on flatter surfaces but generally control beats pace in England. In fact, given the pitches are slow, extra pace is sometimes easier to play when it's not swinging — Johnson and Lee both have relatively poor records in England.",Cricket,Ashes 2019 first Test preview and selection debate,2.0,analysis,ai,
Exactly. Guys like Pattinson and Archer are special because they've got the pace but also the control that someone like Starc doesn't have.,Cricket,Ashes 2019 first Test preview and selection debate,2.0,hot_take,ai,
Really not confident about Australian batsmen playing away from home. The only guy I trust to get runs consistently away from home is Steve Smith.,Cricket,Ashes 2019 first Test preview and selection debate,9.0,hot_take,ai,
"I've seen enough better Aussie sides completely collapse in England due to the swinging ball to be confident — otherwise the teams are pretty evenly matched. I can't believe they want to put a proven match-winner like Mitchell Starc on the bench, especially after he skittled quality batsmen on flat roads in the World Cup.",Cricket,Ashes 2019 first Test preview and selection debate,1.0,analysis,human,
"I don't think England's team is a huge surprise. It would have been a big risk to play Archer if he's carrying a knock. My only worry for England is that the attack lacks variety — Anderson, Woakes and Broad are all tall right-arm-over bowlers mostly under 140kph, and spin-wise they've gone with off-spin. It feels like they're missing the variations they've had over the last couple of years.",Cricket,Ashes 2019 first Test preview and selection debate,2.0,analysis,ai,
"Under cloudy skies at Edgbaston, I don't think it's much of a concern. I wouldn't pick this team for the Oval.",Cricket,Ashes 2019 first Test preview and selection debate,17.0,analysis,human,
"Personal preference — Wade has had plenty of chances, while Labuschagne is coming off a million runs in county, is younger, is better in the field, and offers a secondary spin option. I just like the team composition more with an extra right-hander.",Cricket,Ashes 2019 first Test preview and selection debate,4.0,analysis,human,
"Prior to 2017 they persisted with Wade far longer than they should have — he was given 4-5 too many series based on form and didn't repay the faith. Admittedly his FC form has been elite over the last 12 months, so if he got another shot as a specialist batsman I wouldn't hate it, but Marnus deserves first chance to cement himself.",Cricket,Ashes 2019 first Test preview and selection debate,4.0,analysis,ai,
"The word in the Australian cricket media is that Starc hasn't adapted to the Duke as well as hoped and was all over the shop in practice. My hunch is it'll be Cummins, Pattinson, Lyon and Siddle, but I'm hoping we go with Hazlewood over Siddle.",Cricket,Ashes 2019 first Test preview and selection debate,7.0,analysis,human,
"Moeen Ali looks like he'll be completely impotent with bat and ball against this team. He's coming in with no batting form. His last outing against Australia was woeful with the ball — 5 wickets at 115 in 5 matches — and even his last home Ashes wasn't much chop, 12 wickets at 45 in 5 matches.",Cricket,Ashes 2019 first Test preview and selection debate,0.0,analysis,human,
"India's batsmen are better players of spin than Australia's, and India absolutely crumbled against Mo over two Tests last year. The most one-sided game I've seen in a while.",Cricket,Ashes 2019 first Test preview and selection debate,2.0,hot_take,ai,
"Hot one: Australia win this one on the rebound from the World Cup and shake the Birmingham hoodoo. England sweep the rest 3-2 and pretend it's some magic comeback, but really we're just marginally better than Australia at playing a moving ball in August and September. Only Smith and Root get a ton in the series.",Cricket,Ashes 2019 first Test preview and selection debate,5.0,hot_take,ai,
"England to win the series 3-1 without ever looking convincing, but they'll have a couple of sessions where they just blow Australia away. I also predict Australia to blow them out of the water in their one win.",Cricket,Ashes 2019 first Test preview and selection debate,1.0,hot_take,ai,
"For the first time in a long time, I actually have no idea who's going to win. I feel like England will put us in our place, but I honestly just don't know. I'd much rather an Ashes series where there are no massive favourites.",Cricket,Ashes 2019 first Test preview and selection debate,3.0,reaction,human,
"Mo is our best spinner, as you'll see when he rips through your middle order tomorrow afternoon.",Cricket,Ashes 2019 first Test preview and selection debate,9.0,hot_take,ai,
"I think the sheer scale of victory could bring some complacency to the England top order, which can leave them ripe for an ambush like India were. I'm quietly confident of our chances.",Cricket,England beat Australia in 2019 World Cup semi-final,1.0,hot_take,ai,
"Absolute trashing, England never even gave us a sniff. Fully outplayed tonight. Keep Carey in mind though — brave performance, started bleeding from the jaw, taped it back on and kept batting, then kept wicket as well.",Cricket,England beat Australia in 2019 World Cup semi-final,74.0,reaction,ai,
The worst decision to bat first all tournament.,Cricket,England beat Australia in 2019 World Cup semi-final,147.0,hot_take,human,
"I mean, it was a flat pitch, so in theory batting first was a good decision. Should've scored around 320 and built pressure with the ball. Problem was our top order, barring Smith, decided they'd rather drink lemonade in the dressing rooms, and left us 100 too short.",Cricket,England beat Australia in 2019 World Cup semi-final,83.0,hot_take,ai,
"There was a small amount of movement early, nothing more than new-ball, fresh-pitch stuff. It wasn't a green mamba hooping around corners. England bowled well and kept the pressure on. In contrast, Starc and co were spraying it all over the place.",Cricket,England beat Australia in 2019 World Cup semi-final,11.0,analysis,ai,
"Didn't matter anyway, it was a road too flat for Australia's highest gear. We don't have the batsmen to go at 9 an over whereas England do.",Cricket,England beat Australia in 2019 World Cup semi-final,28.0,analysis,human,
I am seriously concerned after seeing what the England batters did to Starc and Cummins. Seam bowling is pretty much our only weapon in the final.,Cricket,England beat Australia in 2019 World Cup semi-final,98.0,hot_take,ai,
"Starc tried way too hard to get early wickets. On the opposite end, Boult and Henry bowled with a plan.",Cricket,England beat Australia in 2019 World Cup semi-final,8.0,analysis,ai,
"Starc is a wicket taker, it's his biggest strength. If we were to win we needed Starc to take early wickets. He's always high risk, high reward — unfortunately today it didn't come off, but it worked for the rest of the WC.",Cricket,England beat Australia in 2019 World Cup semi-final,6.0,analysis,human,
"Huge fan of Cummins, but does he have any delivery other than bowling short all the time? I can finally understand why he never opens the bowling.",Cricket,England beat Australia in 2019 World Cup semi-final,16.0,hot_take,ai,
"That's a fair criticism of Cummins. He doesn't have variations — he likes to bowl short or back of a length, which can work in tests, but in ODIs he has to improve with the ball.",Cricket,England beat Australia in 2019 World Cup semi-final,8.0,analysis,ai,
It seems like our attack are non-flat-track bullies and almost completely lack the ability to bowl well when the ball doesn't do much. Kudos to the English openers for assessing the situation for the first few overs before attacking.,Cricket,England beat Australia in 2019 World Cup semi-final,7.0,analysis,human,
"Realistically we never deserved to be in the final. We haven't played our best team all tournament. Smith should've been at 3 from the start, Lyon should've been selected over Zampa, and sending Stoinis and Maxwell in before Carey was beyond me. Thank god we have a batsman like Smith who can rise to the occasion when wickets are falling around him.",Cricket,England beat Australia in 2019 World Cup semi-final,46.0,analysis,human,
"This should serve as a lesson to all those who call England flat-track bullies. England make pitches look flat, and Australia played on the same pitch. It's time to face the fact that England have the best batting lineup in the world and a very good bowling attack backing it up.",Cricket,England beat Australia in 2019 World Cup semi-final,102.0,hot_take,ai,
Is it too late to move the final to Edgbaston?,Cricket,England beat Australia in 2019 World Cup semi-final,112.0,reaction,human,
Was that the biggest win of the entire tournament? Can't remember a more one-sided game.,Cricket,England beat Australia in 2019 World Cup semi-final,49.0,reaction,ai,
"So proud of this England team. They should win on Sunday but nothing is guaranteed — New Zealand are a damn good team and could outplay us on the day. Either way, they've reignited my passion for the ODI format over the last four years.",Cricket,England beat Australia in 2019 World Cup semi-final,24.0,reaction,ai,
"Undoubtedly the best ODI team England has produced in years. Fearless batting, brilliant bowling, and extraordinary fielding.",Cricket,England beat Australia in 2019 World Cup semi-final,29.0,hot_take,ai,
"Despite being favourites going in, no part of me believed we'd get to the final. The manner of that victory has left me a bit speechless, even emotional — I spent literal decades watching us shit the bed at any big moment, and today we didn't.",Cricket,England beat Australia in 2019 World Cup semi-final,11.0,reaction,ai,
Roy's cover drive to bring up the 50 partnership left me breathless. What a beautiful shot it was.,Cricket,England beat Australia in 2019 World Cup semi-final,1.0,reaction,ai,
Terrifying. The only word I can think of to describe this England team.,Cricket,England beat Australia in 2019 World Cup semi-final,9.0,reaction,ai,
That flick for six was just jaw-dropping. Great fun watching a good old-fashioned demolition in a chase.,Cricket,England beat Australia in 2019 World Cup semi-final,11.0,reaction,ai,
gg England. Completely outplayed us today whilst we completely shit the bed with both bat and ball.,Cricket,England beat Australia in 2019 World Cup semi-final,46.0,reaction,ai,
"They lost 3 group-stage games, including a loss to Sri Lanka. They outplayed Australia today but they're definitely a team with flaws.",Cricket,England beat Australia in 2019 World Cup semi-final,8.0,analysis,human,
"Best English ODI team ever, I'd argue.",Cricket,England beat Australia in 2019 World Cup semi-final,15.0,hot_take,ai,
NZ would have lost to Aus like they do most times.,Cricket,England beat Australia in 2019 World Cup semi-final,21.0,hot_take,ai,
